{
  "sections": {
    "cart-items": {
      "type": "main-cart-items",
      "blocks": {
        "subtotal": {
          "type": "subtotal",
          "settings": {
          }
        },
        "buttons": {
          "type": "buttons",
          "settings": {
          }
        }
      },
      "block_order": [
        "subtotal",
        "buttons"
      ],
      "settings": {
        "section_width": "custom",
        "container_max_width": 1178,
        "spacing_sections": 70,
        "use_global_desktop_space": false,
        "spacing_sections_mobile": 40,
        "use_global_mobile_space": false,
        "spacing_padding_sections": 100,
        "use_global_desktop_space_padding": true,
        "spacing_padding_sections_mobile": 70,
        "use_global_mobile_space_padding": true,
        "background": false,
        "show_vendor": false
      }
    },
    "1645029375ffdfc4ec": {
      "type": "index-recently-viewed-items",
      "settings": {
        "section_width": "global",
        "container_max_width": 1178,
        "spacing_sections": 100,
        "use_global_desktop_space": true,
        "spacing_sections_mobile": 70,
        "use_global_mobile_space": true,
        "spacing_padding_sections": 100,
        "use_global_desktop_space_padding": true,
        "spacing_padding_sections_mobile": 70,
        "use_global_mobile_space_padding": true,
        "background": false,
        "limit": 8,
        "heading_alignment": "center",
        "heading": "Recently Viewed Products",
        "subtitle": ""
      }
    }
  },
  "order": [
    "cart-items",
    "1645029375ffdfc4ec"
  ]
}