{
  "sections": {
    "main": {
      "type": "main-product",
      "blocks": {
        "bb4d64a3-e671-4e68-a82b-040cd63b5066": {
          "type": "title",
          "settings": {
            "spacing_blocks": 15,
            "use_global_blocks_desktop_space": false
          }
        },
        "b9205a37-550c-4593-81b2-3b63ca982935": {
          "type": "price",
          "settings": {
            "spacing_blocks": 7,
            "use_global_blocks_desktop_space": false
          }
        },
        "14d99583-84dc-4dae-aec3-8f51bd93b1a6": {
          "type": "meta",
          "settings": {
            "spacing_blocks": 7,
            "use_global_blocks_desktop_space": false,
            "vendor": false,
            "availability": false,
            "rating": true
          }
        },
        "9fd4cd80-7efb-43f5-a61e-ad5f4d4aa5e8": {
          "type": "divider",
          "settings": {
            "spacing_blocks": 30,
            "use_global_blocks_desktop_space": true
          }
        },
        "b7f80323-d148-407e-88e9-b918d1c12ffa": {
          "type": "variant_picker",
          "settings": {
            "spacing_blocks": 30,
            "use_global_blocks_desktop_space": true,
            "picker_type": "button",
            "use_pics": true,
            "use_variants_media": true,
            "swatches_width": 22
          }
        },
        "80aaa7f3-f139-4690-bd5e-0d28d2be7f35": {
          "type": "divider",
          "settings": {
            "spacing_blocks": 30,
            "use_global_blocks_desktop_space": true
          }
        },
        "23e9d217-2162-4d75-9381-6918cc7cea82": {
          "type": "ask_about_the_product",
          "settings": {
            "spacing_blocks": 30,
            "use_global_blocks_desktop_space": true,
            "text": "Ask about this product"
          }
        },
        "70fe4b5c-ab02-48ca-aeb4-82d4ace7bb11": {
          "type": "popup",
          "settings": {
            "spacing_blocks": 30,
            "use_global_blocks_desktop_space": true,
            "text": "Delivery and Return",
            "page": "delivery-and-return",
            "subtitle": "Set up an individual subtitle for each popup in the admin panel",
            "icon": "icon-truck4"
          }
        },
        "2f540e78-040a-4fc2-a26e-8063b6bd5043": {
          "type": "popup",
          "settings": {
            "spacing_blocks": 30,
            "use_global_blocks_desktop_space": true,
            "text": "Sizing guide",
            "page": "sizing-guide",
            "subtitle": "Set up an individual subtitle for each popup in the admin panel",
            "icon": "icon-size2"
          }
        },
        "5cc92dbb-1d55-4545-bf33-0e414cc5c4b8": {
          "type": "buy_buttons",
          "settings": {
            "spacing_blocks": 30,
            "use_global_blocks_desktop_space": true,
            "show_dynamic_checkout": true,
            "show_cart_note": true,
            "buy_button_hide_quantity": false,
            "button_animation": "shakeY",
            "button_delay_start": 10,
            "button_pause": 10,
            "button_add_to_cart_hide": false
          }
        },
        "43c594e4-8995-46f9-8b5b-2356f13e91c5": {
          "type": "icons",
          "settings": {
            "spacing_blocks": 30,
            "use_global_blocks_desktop_space": true,
            "icon_show_1": true,
            "icon_title_1": "FREE SHIPPING",
            "icon_1": "icon-truck",
            "icon_show_2": true,
            "icon_title_2": "FREE RETURNS",
            "icon_2": "icon-return",
            "icon_show_3": true,
            "icon_title_3": "SUPPORT 24/7",
            "icon_3": "icon-support",
            "icon_show_4": true,
            "icon_title_4": "SECURED PAYMENTS",
            "icon_4": "icon-secure"
          }
        },
        "c5cfbf59-db16-4be3-82e6-652135fd72ac": {
          "type": "wish_free_ship",
          "settings": {
            "spacing_blocks": 30,
            "use_global_blocks_desktop_space": true,
            "wishlist": true,
            "free_shipping": true
          }
        },
        "412839fb-6274-4623-b5f4-9d1588828fd4": {
          "type": "divider",
          "settings": {
            "spacing_blocks": 30,
            "use_global_blocks_desktop_space": true
          }
        },
        "a5446c3d-5c20-44d3-9a3b-acd1f40da006": {
          "type": "meta_extended",
          "settings": {
            "spacing_blocks": 30,
            "use_global_blocks_desktop_space": true,
            "title": true,
            "vendor": true,
            "type": true,
            "barcode": true,
            "tags": false,
            "sku": true,
            "weight": true,
            "availability": true
          }
        },
        "ec7689d3-c6aa-48df-8382-aad75ba581e3": {
          "type": "description",
          "settings": {
            "spacing_blocks": 5,
            "use_global_blocks_desktop_space": false,
            "heading": "Description",
            "opened": true
          }
        },
        "25a852af-928f-4015-99b4-36e3ee284cfe": {
          "type": "shopify://apps/product-reviews/blocks/reviews/bae150af-8da8-48b2-9867-398188115e5f",
          "settings": {}
        },
        "c76032b7-b980-426d-a29d-78e790a4bcf2": {
          "type": "fbt",
          "settings": {
            "spacing_blocks": 30,
            "use_global_blocks_desktop_space": true,
            "placement": "under",
            "style": "grid2"
          }
        },
        "98b4c02c-92e6-4405-a224-4be851b82954": {
          "type": "share",
          "settings": {
            "spacing_blocks": 0,
            "use_global_blocks_desktop_space": false,
            "share_label": "Share"
          }
        }
      },
      "block_order": [
        "bb4d64a3-e671-4e68-a82b-040cd63b5066",
        "b9205a37-550c-4593-81b2-3b63ca982935",
        "14d99583-84dc-4dae-aec3-8f51bd93b1a6",
        "9fd4cd80-7efb-43f5-a61e-ad5f4d4aa5e8",
        "b7f80323-d148-407e-88e9-b918d1c12ffa",
        "80aaa7f3-f139-4690-bd5e-0d28d2be7f35",
        "23e9d217-2162-4d75-9381-6918cc7cea82",
        "70fe4b5c-ab02-48ca-aeb4-82d4ace7bb11",
        "2f540e78-040a-4fc2-a26e-8063b6bd5043",
        "5cc92dbb-1d55-4545-bf33-0e414cc5c4b8",
        "43c594e4-8995-46f9-8b5b-2356f13e91c5",
        "c5cfbf59-db16-4be3-82e6-652135fd72ac",
        "412839fb-6274-4623-b5f4-9d1588828fd4",
        "a5446c3d-5c20-44d3-9a3b-acd1f40da006",
        "ec7689d3-c6aa-48df-8382-aad75ba581e3",
        "a776bd44-7b46-4d2c-8868-ff6fb48df973",
        "9ae92ad8-6003-4195-889e-8da21836a04e",
        "8a8946ca-7f06-4a27-8a6d-d19cf76a6d30",
        "25a852af-928f-4015-99b4-36e3ee284cfe",
        "c76032b7-b980-426d-a29d-78e790a4bcf2",
        "98b4c02c-92e6-4405-a224-4be851b82954"
      ],
      "settings": {
        "spacing_sections": 46,
        "use_global_desktop_space": false,
        "spacing_sections_mobile": 20,
        "use_global_mobile_space": false,
        "spacing_padding_sections": 100,
        "use_global_desktop_space_padding": true,
        "spacing_padding_sections_mobile": 70,
        "use_global_mobile_space_padding": true,
        "background": false,
        "bottom_tabs": false,
        "apps_placement": "tab",
        "thumbs_position": "bottom",
        "product_media_main_cover": true,
        "product_media_main_fill_color": "bg-white",
        "enable_video_looping": false,
        "thumbs": true,
        "show_social": false,
        "payment_enable": true,
        "availability_output": "status",
        "availability_status_low": 8,
        "availability_status_low_custom_text": "Hurry, only left [X] in stock!",
        "availability_status_low_default_text": true,
        "availability_status_low_color_schema": "none",
        "availability_status_many_custom_text": "Many in Stock",
        "availability_status_many_default_text": true,
        "availability_status_many_color_schema": "none",
        "availability_status_variant_title": true,
        "availability_variants_map": true,
        "availability_width": 500,
        "availability_variant_image": false,
        "availability_add_to_cart": true
      }
    },
    "product-related": {
      "type": "product-related",
      "settings": {
        "spacing_sections": 100,
        "use_global_desktop_space": true,
        "spacing_sections_mobile": 70,
        "use_global_mobile_space": true,
        "spacing_padding_sections": 100,
        "use_global_desktop_space_padding": true,
        "spacing_padding_sections_mobile": 70,
        "use_global_mobile_space_padding": true,
        "background": false,
        "title": "You may also like",
        "subtitle": "Related products from the same category might interest you"
      }
    },
    "product-recommendations": {
      "type": "product-recommendations",
      "disabled": true,
      "settings": {
        "spacing_sections": 100,
        "use_global_desktop_space": true,
        "spacing_sections_mobile": 70,
        "use_global_mobile_space": true,
        "spacing_padding_sections": 100,
        "use_global_desktop_space_padding": true,
        "spacing_padding_sections_mobile": 70,
        "use_global_mobile_space_padding": true,
        "background": false,
        "heading": "You may also like",
        "subtitle": ""
      }
    },
    "1645027960e9e80794": {
      "type": "index-recently-viewed-items",
      "settings": {
        "spacing_sections": 100,
        "use_global_desktop_space": true,
        "spacing_sections_mobile": 70,
        "use_global_mobile_space": true,
        "spacing_padding_sections": 100,
        "use_global_desktop_space_padding": true,
        "spacing_padding_sections_mobile": 70,
        "use_global_mobile_space_padding": true,
        "background": false,
        "limit": 8,
        "heading_alignment": "center",
        "heading": "Recently Viewed Products",
        "subtitle": ""
      }
    }
  },
  "order": [
    "main",
    "product-related",
    "product-recommendations",
    "1645027960e9e80794"
  ]
}